<?xml version="1.0" encoding="UTF-8"?>
<beans xmlns="http://www.springframework.org/schema/beans"
	xmlns:xsi="http://www.w3.org/2001/XMLSchema-instance"
	xmlns:context="http://www.springframework.org/schema/context"
	xsi:schemaLocation="http://www.springframework.org/schema/beans http://www.springframework.org/schema/beans/spring-beans.xsd
		http://www.springframework.org/schema/context http://www.springframework.org/schema/context/spring-context-4.3.xsd">

	<context:component-scan base-package="com.spring.biz" />
	
	<!-- DataSource -->
	<context:property-placeholder location="classpath:config/database.properties"/>
    <bean id="dataSource" class="org.apache.commons.dbcp.BasicDataSource">
    	<property name="driverClassName" value="${jdbc.driver}" />
    	<property name="url" value="${jdbc.url}" />
    	<property name="username" value="${jdbc.username}" />
    	<property name="password" value="${jdbc.password}" />
    </bean>
    
    <!-- Spring JDBC -->
    <bean id="jdbcTemplate" class="org.springframework.jdbc.core.JdbcTemplate">
    	<property name="dataSource" ref="dataSource"></property>
    </bean>
</beans>
